tau,C_mean,C_var
0.000000000000000000e+00,3.515625000000000000e-02,0.000000000000000000e+00
4.476567438455604162e-03,3.520882736993786316e-02,0.000000000000000000e+00
8.953134876911208323e-03,3.526164063362118017e-02,0.000000000000000000e+00
1.342970231536681248e-02,3.531469084941136344e-02,0.000000000000000000e+00
1.790626975382241665e-02,3.536797908041826310e-02,0.000000000000000000e+00
2.238283719227802254e-02,3.542150639452147642e-02,0.000000000000000000e+00
2.685940463073362497e-02,3.547527386439176811e-02,0.000000000000000000e+00
3.133597206918922740e-02,3.552928256751253233e-02,0.000000000000000000e+00
3.581253950764483329e-02,3.558353358620141432e-02,0.000000000000000000e+00
4.028910694610043919e-02,3.563802800763197359e-02,0.000000000000000000e+00
4.476567438455604508e-02,3.569276692385550676e-02,0.000000000000000000e+00
4.924224182301164404e-02,3.574775143182289117e-02,0.000000000000000000e+00
5.371880926146724994e-02,3.580298263340659509e-02,0.000000000000000000e+00
5.819537669992285583e-02,3.585846163542275034e-02,0.000000000000000000e+00
6.267194413837845479e-02,3.591418954965333588e-02,0.000000000000000000e+00
6.714851157683406069e-02,3.597016749286843784e-02,0.000000000000000000e+00
7.162507901528966658e-02,3.602639658684866214e-02,0.000000000000000000e+00
7.610164645374527248e-02,3.608287795840758871e-02,0.000000000000000000e+00
8.057821389220087838e-02,3.613281250000000000e-02,0.000000000000000000e+00
8.505478133065648427e-02,3.613281250000000000e-02,0.000000000000000000e+00
8.953134876911209017e-02,3.613281250000000000e-02,0.000000000000000000e+00
9.400791620756768219e-02,3.613281250000000000e-02,0.000000000000000000e+00
9.848448364602328808e-02,3.613281250000000000e-02,0.000000000000000000e+00
1.029610510844788940e-01,3.613281250000000000e-02,0.000000000000000000e+00
1.074376185229344999e-01,3.613281250000000000e-02,0.000000000000000000e+00
1.119141859613901058e-01,3.613281250000000000e-02,0.000000000000000000e+00
1.163907533998457117e-01,3.613281250000000000e-02,0.000000000000000000e+00
1.208673208383013176e-01,3.613281250000000000e-02,0.000000000000000000e+00
1.253438882767569096e-01,3.613281250000000000e-02,0.000000000000000000e+00
1.298204557152125294e-01,3.613281250000000000e-02,0.000000000000000000e+00
1.342970231536681214e-01,3.613281250000000000e-02,0.000000000000000000e+00
1.387735905921237411e-01,3.613281250000000000e-02,0.000000000000000000e+00
1.432501580305793332e-01,3.613281250000000000e-02,0.000000000000000000e+00
1.477267254690349252e-01,3.613281250000000000e-02,0.000000000000000000e+00
1.522032929074905450e-01,3.613281250000000000e-02,0.000000000000000000e+00
1.566798603459461370e-01,3.616743490460364030e-02,0.000000000000000000e+00
1.611564277844017568e-01,3.622893050648900992e-02,0.000000000000000000e+00
1.656329952228573488e-01,3.629070201467922419e-02,0.000000000000000000e+00
1.701095626613129685e-01,3.635275066705612179e-02,0.000000000000000000e+00
1.745861300997685606e-01,3.641507770705543906e-02,0.000000000000000000e+00
1.790626975382241803e-01,3.647768438369169974e-02,0.000000000000000000e+00
1.835392649766797724e-01,3.654057195158325055e-02,0.000000000000000000e+00
1.880158324151353644e-01,3.660374167097745629e-02,0.000000000000000000e+00
1.924923998535909841e-01,3.666719480777585333e-02,0.000000000000000000e+00
1.969689672920465762e-01,3.673093263355960841e-02,0.000000000000000000e+00
2.014455347305021959e-01,3.679495642561495666e-02,0.000000000000000000e+00
2.059221021689577880e-01,3.685926746695881995e-02,0.000000000000000000e+00
2.103986696074134077e-01,3.692386704636449468e-02,0.000000000000000000e+00
2.148752370458689998e-01,3.698875645838747839e-02,0.000000000000000000e+00
2.193518044843245918e-01,3.705393700339146279e-02,0.000000000000000000e+00
2.238283719227802115e-01,3.711940998757431998e-02,0.000000000000000000e+00
2.283049393612358036e-01,3.718517672299432447e-02,0.000000000000000000e+00
2.327815067996914233e-01,3.725123852759643084e-02,0.000000000000000000e+00
2.372580742381470154e-01,3.731759672523869698e-02,0.000000000000000000e+00
2.417346416766026351e-01,3.738425264571879070e-02,0.000000000000000000e+00
2.462112091150582271e-01,3.745120762480066978e-02,0.000000000000000000e+00
2.506877765535138192e-01,3.751846300424131753e-02,0.000000000000000000e+00
2.551643439919694112e-01,3.758602013181766566e-02,0.000000000000000000e+00
2.596409114304250587e-01,3.765388036135356581e-02,0.000000000000000000e+00
2.641174788688806507e-01,3.772204505274694142e-02,0.000000000000000000e+00
2.685940463073362428e-01,3.779051557199705758e-02,0.000000000000000000e+00
2.730706137457918348e-01,3.785929329123184639e-02,0.000000000000000000e+00
2.775471811842474823e-01,3.792837958873546134e-02,0.000000000000000000e+00
2.820237486227030743e-01,3.799777584897583160e-02,0.000000000000000000e+00
2.865003160611586663e-01,3.806748346263248706e-02,0.000000000000000000e+00
2.909768834996142584e-01,3.812031505108289670e-02,0.000000000000000000e+00
2.954534509380698504e-01,3.816720472942516929e-02,0.000000000000000000e+00
2.999300183765254979e-01,3.821430478310308687e-02,0.000000000000000000e+00
3.044065858149810899e-01,3.826161615598708265e-02,0.000000000000000000e+00
3.088831532534366819e-01,3.830913979618238985e-02,0.000000000000000000e+00
3.133597206918922740e-01,3.835687665604799873e-02,0.000000000000000000e+00
3.178362881303479215e-01,3.840482769221575943e-02,0.000000000000000000e+00
3.223128555688035135e-01,3.845299386560954019e-02,0.000000000000000000e+00
3.267894230072591055e-01,3.850137614146451059e-02,0.000000000000000000e+00
3.312659904457146975e-01,3.854997548934645246e-02,0.000000000000000000e+00
3.357425578841702896e-01,3.859879288317120266e-02,0.000000000000000000e+00
3.402191253226259371e-01,3.864782930122417914e-02,0.000000000000000000e+00
3.446956927610815291e-01,3.869708572617997638e-02,0.000000000000000000e+00
3.491722601995371211e-01,3.875135513434975476e-02,0.000000000000000000e+00
3.536488276379927131e-01,3.882590424101045601e-02,0.000000000000000000e+00
3.581253950764483607e-01,3.890078781985970013e-02,0.000000000000000000e+00
3.626019625149039527e-01,3.897600737154114509e-02,0.000000000000000000e+00
3.670785299533595447e-01,3.905156440343126450e-02,0.000000000000000000e+00
3.715550973918151367e-01,3.912746042966950416e-02,0.000000000000000000e+00
3.760316648302707287e-01,3.920369697118867430e-02,0.000000000000000000e+00
3.805082322687263763e-01,3.928027555574538365e-02,0.000000000000000000e+00
3.849847997071819683e-01,3.935719771795069544e-02,0.000000000000000000e+00
3.894613671456375603e-01,3.943446499930085974e-02,0.000000000000000000e+00
3.939379345840931523e-01,3.951207894820819855e-02,0.000000000000000000e+00
3.984145020225487444e-01,3.959004112003214337e-02,0.000000000000000000e+00
4.028910694610043919e-01,3.966835307711042563e-02,0.000000000000000000e+00
4.073676368994599839e-01,3.971354166666666435e-02,0.000000000000000000e+00
4.118442043379155759e-01,3.971354166666666435e-02,0.000000000000000000e+00
4.163207717763711679e-01,3.971354166666666435e-02,0.000000000000000000e+00
4.207973392148268155e-01,3.971354166666666435e-02,0.000000000000000000e+00
4.252739066532824075e-01,3.971354166666666435e-02,0.000000000000000000e+00
4.297504740917379995e-01,3.971354166666666435e-02,0.000000000000000000e+00
4.342270415301935915e-01,3.971354166666666435e-02,0.000000000000000000e+00
4.387036089686491835e-01,3.971354166666666435e-02,0.000000000000000000e+00
4.431801764071048311e-01,3.971354166666666435e-02,0.000000000000000000e+00
4.476567438455604231e-01,3.971354166666666435e-02,0.000000000000000000e+00
4.521333112840160151e-01,3.971354166666666435e-02,0.000000000000000000e+00
4.566098787224716071e-01,3.971354166666666435e-02,0.000000000000000000e+00
4.610864461609272547e-01,3.974240023688990764e-02,0.000000000000000000e+00
4.655630135993828467e-01,3.982577721621717581e-02,0.000000000000000000e+00
4.700395810378384387e-01,3.990952827488622456e-02,0.000000000000000000e+00
4.745161484762940307e-01,3.999365509124224588e-02,0.000000000000000000e+00
4.789927159147496227e-01,4.007815935116052636e-02,0.000000000000000000e+00
4.834692833532052703e-01,4.016304274808020491e-02,0.000000000000000000e+00
4.879458507916608623e-01,4.024830698303819010e-02,0.000000000000000000e+00
4.924224182301164543e-01,4.033395376470327170e-02,0.000000000000000000e+00
4.968989856685720463e-01,4.041998480941037114e-02,0.000000000000000000e+00
5.013755531070276383e-01,4.050640184119490977e-02,0.000000000000000000e+00
5.058521205454832304e-01,4.059320659182736463e-02,0.000000000000000000e+00
5.103286879839388224e-01,4.068040080084799059e-02,0.000000000000000000e+00
5.148052554223945254e-01,4.076798621560166064e-02,0.000000000000000000e+00
5.192818228608501174e-01,4.085596459127289332e-02,0.000000000000000000e+00
5.237583902993057094e-01,4.094433769092101216e-02,0.000000000000000000e+00
5.282349577377613015e-01,4.103310728551549935e-02,0.000000000000000000e+00
5.327115251762168935e-01,4.112227515397147426e-02,0.000000000000000000e+00
5.371880926146724855e-01,4.121184308318533163e-02,0.000000000000000000e+00
5.416646600531280775e-01,4.130181286807053931e-02,0.000000000000000000e+00
5.461412274915836695e-01,4.139218631159367889e-02,0.000000000000000000e+00
5.506177949300392616e-01,4.148296522481048632e-02,0.000000000000000000e+00
5.550943623684949646e-01,4.157415142690219778e-02,0.000000000000000000e+00
5.595709298069505566e-01,4.166574674521199284e-02,0.000000000000000000e+00
5.640474972454061486e-01,4.169702878287163961e-02,0.000000000000000000e+00
5.685240646838617407e-01,4.172783513807380718e-02,0.000000000000000000e+00
5.730006321223173327e-01,4.175877970913807052e-02,0.000000000000000000e+00
5.774771995607729247e-01,4.178986311618401728e-02,0.000000000000000000e+00
5.819537669992285167e-01,4.182108598211348172e-02,0.000000000000000000e+00
5.864303344376841087e-01,4.185244893262300009e-02,0.000000000000000000e+00
5.909069018761397007e-01,4.188395259621636307e-02,0.000000000000000000e+00
5.953834693145954038e-01,4.191559760421720293e-02,0.000000000000000000e+00
5.998600367530509958e-01,4.194738459078165699e-02,0.000000000000000000e+00
6.043366041915065878e-01,4.197931419291105887e-02,0.000000000000000000e+00
6.088131716299621798e-01,4.206898570185893527e-02,0.000000000000000000e+00
6.132897390684177719e-01,4.219785272469112059e-02,0.000000000000000000e+00
6.177663065068733639e-01,4.232729792259593005e-02,0.000000000000000000e+00
6.222428739453289559e-01,4.245732388961492854e-02,0.000000000000000000e+00
6.267194413837845479e-01,4.258793323142811421e-02,0.000000000000000000e+00
6.311960088222401399e-01,4.271912856540616144e-02,0.000000000000000000e+00
6.356725762606958430e-01,4.285091252066281636e-02,0.000000000000000000e+00
6.401491436991514350e-01,4.298328773810762560e-02,0.000000000000000000e+00
6.446257111376070270e-01,4.311625687049883138e-02,0.000000000000000000e+00
6.491022785760626190e-01,4.324982258249657208e-02,0.000000000000000000e+00
6.535788460145182110e-01,4.329427083333333565e-02,0.000000000000000000e+00
6.580554134529738031e-01,4.329427083333333565e-02,0.000000000000000000e+00
6.625319808914293951e-01,4.329427083333333565e-02,0.000000000000000000e+00
6.670085483298849871e-01,4.329427083333333565e-02,0.000000000000000000e+00
6.714851157683405791e-01,4.329427083333333565e-02,0.000000000000000000e+00
6.759616832067962822e-01,4.329427083333333565e-02,0.000000000000000000e+00
6.804382506452518742e-01,4.329427083333333565e-02,0.000000000000000000e+00
6.849148180837074662e-01,4.329427083333333565e-02,0.000000000000000000e+00
6.893913855221630582e-01,4.329427083333333565e-02,0.000000000000000000e+00
6.938679529606186502e-01,4.330553696176332734e-02,0.000000000000000000e+00
6.983445203990742423e-01,4.337569066831747228e-02,0.000000000000000000e+00
7.028210878375298343e-01,4.344615912664821084e-02,0.000000000000000000e+00
7.072976552759854263e-01,4.351694374892156603e-02,0.000000000000000000e+00
7.117742227144410183e-01,4.358804595363940243e-02,0.000000000000000000e+00
7.162507901528967214e-01,4.365946716566781322e-02,0.000000000000000000e+00
7.207273575913523134e-01,4.373120881626572226e-02,0.000000000000000000e+00
7.252039250298079054e-01,4.380327234311352097e-02,0.000000000000000000e+00
7.296804924682634974e-01,4.387565919034191325e-02,0.000000000000000000e+00
7.341570599067190894e-01,4.394837080856084377e-02,0.000000000000000000e+00
7.386336273451746814e-01,4.402140865488856497e-02,0.000000000000000000e+00
7.431101947836302735e-01,4.409477419298083595e-02,0.000000000000000000e+00
7.475867622220858655e-01,4.416846889306026008e-02,0.000000000000000000e+00
7.520633296605414575e-01,4.424249423194574760e-02,0.000000000000000000e+00
7.565398970989970495e-01,4.431685169308210298e-02,0.000000000000000000e+00
7.610164645374527526e-01,4.439154276656975817e-02,0.000000000000000000e+00
7.654930319759083446e-01,4.446656894919463754e-02,0.000000000000000000e+00
7.699695994143639366e-01,4.454193174445814085e-02,0.000000000000000000e+00
7.744461668528195286e-01,4.462827191057760351e-02,0.000000000000000000e+00
7.789227342912751206e-01,4.474233274766412777e-02,0.000000000000000000e+00
7.833993017297307127e-01,4.485690533035721628e-02,0.000000000000000000e+00
7.878758691681863047e-01,4.497199195465585025e-02,0.000000000000000000e+00
7.923524366066418967e-01,4.508759492686024301e-02,0.000000000000000000e+00
7.968290040450974887e-01,4.520371656361807378e-02,0.000000000000000000e+00
8.013055714835531917e-01,4.532035919197087426e-02,0.000000000000000000e+00
8.057821389220087838e-01,4.543752514940070653e-02,0.000000000000000000e+00
8.102587063604643758e-01,4.555521678387697282e-02,0.000000000000000000e+00
8.147352737989199678e-01,4.563992985815787384e-02,0.000000000000000000e+00
8.192118412373755598e-01,4.571909657459936882e-02,0.000000000000000000e+00
8.236884086758311518e-01,4.579861848060776119e-02,0.000000000000000000e+00
8.281649761142867439e-01,4.587849716977735609e-02,0.000000000000000000e+00
8.326415435527423359e-01,4.595873424285228798e-02,0.000000000000000000e+00
8.371181109911979279e-01,4.603933130775857835e-02,0.000000000000000000e+00
8.415946784296536309e-01,4.612028997963639465e-02,0.000000000000000000e+00
8.460712458681092230e-01,4.620161188087237164e-02,0.000000000000000000e+00
8.505478133065648150e-01,4.625362848723275216e-02,0.000000000000000000e+00
8.550243807450204070e-01,4.629465511536320910e-02,0.000000000000000000e+00
8.595009481834759990e-01,4.633586581365511936e-02,0.000000000000000000e+00
8.639775156219315910e-01,4.637726140795808000e-02,0.000000000000000000e+00
8.684540830603871830e-01,4.641884272782694637e-02,0.000000000000000000e+00
8.729306504988427751e-01,4.646061060653845776e-02,0.000000000000000000e+00
8.774072179372983671e-01,4.650256588110793926e-02,0.000000000000000000e+00
8.818837853757540701e-01,4.654470939230605925e-02,0.000000000000000000e+00
8.863603528142096621e-01,4.658704198467569779e-02,0.000000000000000000e+00
8.908369202526652542e-01,4.662956450654886370e-02,0.000000000000000000e+00
8.953134876911208462e-01,4.667227781006368786e-02,0.000000000000000000e+00
8.997900551295764382e-01,4.671518275118151375e-02,0.000000000000000000e+00
9.042666225680320302e-01,4.675828018970404343e-02,0.000000000000000000e+00
9.087431900064876222e-01,4.680157098929055293e-02,0.000000000000000000e+00
9.132197574449432143e-01,4.684505601747523257e-02,0.000000000000000000e+00
9.176963248833988063e-01,4.691620843705361643e-02,0.000000000000000000e+00
9.221728923218545093e-01,4.704783674776404079e-02,0.000000000000000000e+00
9.266494597603101013e-01,4.718005562234745681e-02,0.000000000000000000e+00
9.311260271987656933e-01,4.731286771042904349e-02,0.000000000000000000e+00
9.356025946372212854e-01,4.744627567352181080e-02,0.000000000000000000e+00
9.400791620756768774e-01,4.758028218507991125e-02,0.000000000000000000e+00
9.445557295141324694e-01,4.771488993055223587e-02,0.000000000000000000e+00
9.490322969525880614e-01,4.785010160743621149e-02,0.000000000000000000e+00
9.535088643910436534e-01,4.794113411688789850e-02,0.000000000000000000e+00
9.579854318294992455e-01,4.803208590399737909e-02,0.000000000000000000e+00
9.624619992679549485e-01,4.812344575559815429e-02,0.000000000000000000e+00
9.669385667064105405e-01,4.821521550251327976e-02,0.000000000000000000e+00
9.714151341448661325e-01,4.830739698377999047e-02,0.000000000000000000e+00
9.758917015833217246e-01,4.839999204668655325e-02,0.000000000000000000e+00
9.803682690217773166e-01,4.849300254680927874e-02,0.000000000000000000e+00
9.848448364602329086e-01,4.850260416666666435e-02,0.000000000000000000e+00
9.893214038986885006e-01,4.850260416666666435e-02,0.000000000000000000e+00
9.937979713371440926e-01,4.850260416666666435e-02,0.000000000000000000e+00
9.982745387755996846e-01,4.850260416666666435e-02,0.000000000000000000e+00
1.002751106214055277e+00,4.850260416666666435e-02,0.000000000000000000e+00
1.007227673652510980e+00,4.850260416666666435e-02,0.000000000000000000e+00
1.011704241090966461e+00,4.850704433175531682e-02,0.000000000000000000e+00
1.016180808529422164e+00,4.869984794278209295e-02,0.000000000000000000e+00
1.020657375967877645e+00,4.889351658692094038e-02,0.000000000000000000e+00
1.025133943406333348e+00,4.908805414523138844e-02,0.000000000000000000e+00
1.029610510844789051e+00,4.928346451618570434e-02,0.000000000000000000e+00
1.034087078283244532e+00,4.947975161574699049e-02,0.000000000000000000e+00
1.038563645721700235e+00,4.967691937744782987e-02,0.000000000000000000e+00
1.043040213160155716e+00,4.978711643688277233e-02,0.000000000000000000e+00
1.047516780598611419e+00,4.973738119757040860e-02,0.000000000000000000e+00
1.051993348037066900e+00,4.968742281602220312e-02,0.000000000000000000e+00
1.056469915475522603e+00,4.963724029108770169e-02,0.000000000000000000e+00
1.060946482913978084e+00,4.958683261712468898e-02,0.000000000000000000e+00
1.065423050352433787e+00,4.953619878397902410e-02,0.000000000000000000e+00
1.069899617790889490e+00,4.948533777696442065e-02,0.000000000000000000e+00
1.074376185229344971e+00,4.974867520561413597e-02,0.000000000000000000e+00
1.078852752667800674e+00,5.005658570786477440e-02,0.000000000000000000e+00
1.083329320106256155e+00,5.036587768206288868e-02,0.000000000000000000e+00
1.087805887544711858e+00,5.067655732632362492e-02,0.000000000000000000e+00
1.092282454983167339e+00,5.098863086657058619e-02,4.814824860968089633e-35
1.096759022421623042e+00,5.130210455666060071e-02,0.000000000000000000e+00
1.101235589860078523e+00,5.143229166666666435e-02,0.000000000000000000e+00
1.105712157298534226e+00,5.143229166666666435e-02,0.000000000000000000e+00
1.110188724736989929e+00,5.143229166666666435e-02,0.000000000000000000e+00
1.114665292175445410e+00,5.143229166666666435e-02,0.000000000000000000e+00
1.119141859613901113e+00,5.143229166666666435e-02,0.000000000000000000e+00
1.123618427052356594e+00,5.143229166666666435e-02,0.000000000000000000e+00
1.128094994490812297e+00,5.143229166666666435e-02,0.000000000000000000e+00
1.132571561929267778e+00,5.143229166666666435e-02,0.000000000000000000e+00
1.137048129367723481e+00,5.143229166666666435e-02,0.000000000000000000e+00
1.141524696806178962e+00,5.143229166666666435e-02,0.000000000000000000e+00
1.146001264244634665e+00,5.143229166666666435e-02,0.000000000000000000e+00
1.150477831683090368e+00,5.143229166666666435e-02,0.000000000000000000e+00
1.154954399121545849e+00,5.146046360379520623e-02,4.814824860968089633e-35
1.159430966560001552e+00,5.151608833500569140e-02,0.000000000000000000e+00
1.163907533998457033e+00,5.157196263225952843e-02,0.000000000000000000e+00
1.168384101436912736e+00,5.162808761526029716e-02,0.000000000000000000e+00
1.172860668875368217e+00,5.168446440873521175e-02,4.814824860968089633e-35
1.177337236313823920e+00,5.174109414245771366e-02,0.000000000000000000e+00
1.181813803752279401e+00,5.191847430508034211e-02,0.000000000000000000e+00
1.186290371190735105e+00,5.214703040042477367e-02,4.814824860968089633e-35
1.190766938629190808e+00,5.237661193605734622e-02,4.814824860968089633e-35
1.195243506067646289e+00,5.260722351272072161e-02,4.814824860968089633e-35
1.199720073506101992e+00,5.283886975179932083e-02,0.000000000000000000e+00
1.204196640944557473e+00,5.306281069885295659e-02,0.000000000000000000e+00
1.208673208383013176e+00,5.312124307662606515e-02,0.000000000000000000e+00
1.213149775821468657e+00,5.317993761723587010e-02,0.000000000000000000e+00
1.217626343259924360e+00,5.323889549690273559e-02,4.814824860968089633e-35
1.222102910698379841e+00,5.329811789712427667e-02,0.000000000000000000e+00
1.226579478136835544e+00,5.335760600469898612e-02,4.814824860968089633e-35
1.231056045575291247e+00,5.354513839208381587e-02,0.000000000000000000e+00
1.235532613013746728e+00,5.384525391208015710e-02,4.814824860968089633e-35
1.240009180452202431e+00,5.414671593103918823e-02,0.000000000000000000e+00
1.244485747890657912e+00,5.444953049016615365e-02,0.000000000000000000e+00
1.248962315329113615e+00,5.475370365777081083e-02,0.000000000000000000e+00
1.253438882767569096e+00,5.500377669412220838e-02,0.000000000000000000e+00
1.257915450206024799e+00,5.494239495441906318e-02,0.000000000000000000e+00
1.262392017644480280e+00,5.488073781926540440e-02,4.814824860968089633e-35
1.266868585082935983e+00,5.481880405307135856e-02,0.000000000000000000e+00
1.271345152521391686e+00,5.475659241470350741e-02,0.000000000000000000e+00
1.275821719959847167e+00,5.469410165745993563e-02,4.814824860968089633e-35
1.280298287398302870e+00,5.468750000000000000e-02,0.000000000000000000e+00
1.284774854836758351e+00,5.468750000000000000e-02,0.000000000000000000e+00
1.289251422275214054e+00,5.468750000000000000e-02,0.000000000000000000e+00
1.293727989713669535e+00,5.468750000000000000e-02,0.000000000000000000e+00
1.298204557152125238e+00,5.468750000000000000e-02,0.000000000000000000e+00
1.302681124590580719e+00,5.478500814462520380e-02,0.000000000000000000e+00
1.307157692029036422e+00,5.491396808473288788e-02,0.000000000000000000e+00
1.311634259467492125e+00,5.504350661679604378e-02,4.814824860968089633e-35
1.316110826905947606e+00,5.517362633672663608e-02,0.000000000000000000e+00
1.320587394344403309e+00,5.530432985208344476e-02,0.000000000000000000e+00
1.325063961782858790e+00,5.548415883985317182e-02,0.000000000000000000e+00
1.329540529221314493e+00,5.568197730345478963e-02,0.000000000000000000e+00
1.334017096659769974e+00,5.588068329981725479e-02,0.000000000000000000e+00
1.338493664098225677e+00,5.608028081094705575e-02,0.000000000000000000e+00
1.342970231536681158e+00,5.628077383671632739e-02,4.814824860968089633e-35
1.347446798975136861e+00,5.637079157609212882e-02,0.000000000000000000e+00
1.351923366413592564e+00,5.643822361826831419e-02,4.814824860968089633e-35
1.356399933852048045e+00,5.650595820119559687e-02,0.000000000000000000e+00
1.360876501290503748e+00,5.657399668225402550e-02,4.814824860968089633e-35
1.365353068728959229e+00,5.664920212456799747e-02,0.000000000000000000e+00
1.369829636167414932e+00,5.699245399380863109e-02,0.000000000000000000e+00
1.374306203605870413e+00,5.733724589765285679e-02,0.000000000000000000e+00
1.378782771044326116e+00,5.768358474562338550e-02,4.814824860968089633e-35
1.383259338482781597e+00,5.803147747824317915e-02,4.814824860968089633e-35
1.387735905921237300e+00,5.822314840646349715e-02,4.814824860968089633e-35
1.392212473359693004e+00,5.808273982718973466e-02,0.000000000000000000e+00
1.396689040798148485e+00,5.794170129047042372e-02,4.814824860968089633e-35
1.401165608236604188e+00,5.780002996993709175e-02,4.814824860968089633e-35
1.405642175675059669e+00,5.765772302654046527e-02,0.000000000000000000e+00
1.410118743113515372e+00,5.787321222876605498e-02,0.000000000000000000e+00
1.414595310551970853e+00,5.823217912196336499e-02,4.814824860968089633e-35
1.419071877990426556e+00,5.859275655682590761e-02,0.000000000000000000e+00
1.423548445428882037e+00,5.895495175921348918e-02,0.000000000000000000e+00
1.428025012867337740e+00,5.925958773081443226e-02,0.000000000000000000e+00
1.432501580305793443e+00,5.933267823978259636e-02,0.000000000000000000e+00
1.436978147744248924e+00,5.940609667679162820e-02,4.814824860968089633e-35
1.441454715182704627e+00,5.947984451312423454e-02,0.000000000000000000e+00
1.445931282621160108e+00,5.955392322666410582e-02,4.814824860968089633e-35
1.450407850059615811e+00,5.962833430192571171e-02,0.000000000000000000e+00
1.454884417498071292e+00,5.970307923008386780e-02,0.000000000000000000e+00
1.459360984936526995e+00,5.977815950900372544e-02,0.000000000000000000e+00
1.463837552374982476e+00,5.985357664327076860e-02,0.000000000000000000e+00
1.468314119813438179e+00,5.986233452244572872e-02,4.814824860968089633e-35
1.472790687251893660e+00,5.978623913669569440e-02,0.000000000000000000e+00
1.477267254690349363e+00,5.970980234121790048e-02,0.000000000000000000e+00
1.481743822128805066e+00,5.963302260424270529e-02,0.000000000000000000e+00
1.486220389567260547e+00,5.962796895148790577e-02,4.814824860968089633e-35
1.490696957005716250e+00,5.993784992268608169e-02,0.000000000000000000e+00
1.495173524444171731e+00,6.024912120654211944e-02,0.000000000000000000e+00
1.499650091882627434e+00,6.056178904083590886e-02,0.000000000000000000e+00
1.504126659321082915e+00,6.087239583333333565e-02,0.000000000000000000e+00
1.508603226759538618e+00,6.087239583333333565e-02,0.000000000000000000e+00
1.513079794197994099e+00,6.087239583333333565e-02,0.000000000000000000e+00
1.517556361636449802e+00,6.087239583333333565e-02,0.000000000000000000e+00
1.522032929074905505e+00,6.087239583333333565e-02,0.000000000000000000e+00
1.526509496513360986e+00,6.101889448181196940e-02,0.000000000000000000e+00
1.530986063951816689e+00,6.118020483778575935e-02,0.000000000000000000e+00
1.535462631390272170e+00,6.134223892916311482e-02,4.814824860968089633e-35
1.539939198828727873e+00,6.150500000305696158e-02,4.814824860968089633e-35
1.544415766267183354e+00,6.166849132114865517e-02,0.000000000000000000e+00
1.548892333705639057e+00,6.183271615975346330e-02,0.000000000000000000e+00
1.553368901144094538e+00,6.199767780988611754e-02,4.814824860968089633e-35
1.557845468582550241e+00,6.216337957732692709e-02,0.000000000000000000e+00
1.562322036021005944e+00,6.232982478268782323e-02,4.814824860968089633e-35
1.566798603459461425e+00,6.249701676147904200e-02,0.000000000000000000e+00
1.571275170897917128e+00,6.266495886417593197e-02,0.000000000000000000e+00
1.575751738336372609e+00,6.282958764480969793e-02,0.000000000000000000e+00
1.580228305774828312e+00,6.291431387587505253e-02,0.000000000000000000e+00
1.584704873213283793e+00,6.299942023983803874e-02,0.000000000000000000e+00
1.589181440651739496e+00,6.308490844220376870e-02,0.000000000000000000e+00
1.593658008090194977e+00,6.319051872559186545e-02,0.000000000000000000e+00
1.598134575528650680e+00,6.336303277824897884e-02,0.000000000000000000e+00
1.602611142967106383e+00,6.353632083284026233e-02,0.000000000000000000e+00
1.607087710405561864e+00,6.371038636200451744e-02,0.000000000000000000e+00
1.611564277844017568e+00,6.388523285396091600e-02,0.000000000000000000e+00
1.616040845282473049e+00,6.406086381257884710e-02,0.000000000000000000e+00
1.620517412720928752e+00,6.423728275744820804e-02,0.000000000000000000e+00
1.624993980159384233e+00,6.441449322394984800e-02,0.000000000000000000e+00
1.629470547597839936e+00,6.438343811833674435e-02,0.000000000000000000e+00
1.633947115036295417e+00,6.429403602862303335e-02,0.000000000000000000e+00
1.638423682474751120e+00,6.420423282729383063e-02,0.000000000000000000e+00
1.642900249913206823e+00,6.415475907055830096e-02,0.000000000000000000e+00
1.647376817351662304e+00,6.433598073359673986e-02,0.000000000000000000e+00
1.651853384790118007e+00,6.451801546615355820e-02,0.000000000000000000e+00
1.656329952228573488e+00,6.470086691614826413e-02,0.000000000000000000e+00
1.660806519667029191e+00,6.493748520513401012e-02,0.000000000000000000e+00
1.665283087105484672e+00,6.521422904638826679e-02,0.000000000000000000e+00
1.669759654543940375e+00,6.549221452717914060e-02,0.000000000000000000e+00
1.674236221982395856e+00,6.576062129497199649e-02,0.000000000000000000e+00
1.678712789420851559e+00,6.585411646066731406e-02,0.000000000000000000e+00
1.683189356859307262e+00,6.594803110198198259e-02,0.000000000000000000e+00
1.687665924297762743e+00,6.604236710093623619e-02,0.000000000000000000e+00
1.692142491736218446e+00,6.630631789197680148e-02,0.000000000000000000e+00
1.696619059174673927e+00,6.668705546840711373e-02,0.000000000000000000e+00
1.701095626613129630e+00,6.706950126289869252e-02,0.000000000000000000e+00
1.705572194051585111e+00,6.736509989011338351e-02,0.000000000000000000e+00
1.710048761490040814e+00,6.726862857579220256e-02,0.000000000000000000e+00
1.714525328928496295e+00,6.717172443305660656e-02,0.000000000000000000e+00
1.719001896366951998e+00,6.707438551997765841e-02,0.000000000000000000e+00
1.723478463805407701e+00,6.705729166666667129e-02,0.000000000000000000e+00
1.727955031243863182e+00,6.705729166666667129e-02,0.000000000000000000e+00
1.732431598682318885e+00,6.705729166666667129e-02,0.000000000000000000e+00
1.736908166120774366e+00,6.721067510701336789e-02,0.000000000000000000e+00
1.741384733559230069e+00,6.750930170714747325e-02,0.000000000000000000e+00
1.745861300997685550e+00,6.780926812605307663e-02,0.000000000000000000e+00
1.750337868436141253e+00,6.813615577772989818e-02,0.000000000000000000e+00
1.754814435874596734e+00,6.853970793389030369e-02,0.000000000000000000e+00
1.759291003313052437e+00,6.894507066805638518e-02,0.000000000000000000e+00
1.763767570751508140e+00,6.932370154732143963e-02,0.000000000000000000e+00
1.768244138189963621e+00,6.901694532483128308e-02,0.000000000000000000e+00
1.772720705628419324e+00,6.870881280918778033e-02,0.000000000000000000e+00
1.777197273066874805e+00,6.839929782551103232e-02,0.000000000000000000e+00
1.781673840505330508e+00,6.835937500000000000e-02,0.000000000000000000e+00
1.786150407943785989e+00,6.835937500000000000e-02,0.000000000000000000e+00
1.790626975382241692e+00,6.835937500000000000e-02,0.000000000000000000e+00
1.795103542820697173e+00,6.875191459898277735e-02,0.000000000000000000e+00
1.799580110259152876e+00,6.927944946740340060e-02,0.000000000000000000e+00
1.804056677697608579e+00,6.980935117494357911e-02,0.000000000000000000e+00
1.808533245136064060e+00,7.012883963626757866e-02,0.000000000000000000e+00
1.813009812574519763e+00,7.034270655251549653e-02,0.000000000000000000e+00
1.817486380012975244e+00,7.055753300454778443e-02,0.000000000000000000e+00
1.821962947451430948e+00,7.084097452946308549e-02,0.000000000000000000e+00
1.826439514889886429e+00,7.116611221658648845e-02,0.000000000000000000e+00
1.830916082328342132e+00,7.149270866718353268e-02,0.000000000000000000e+00
1.835392649766797613e+00,7.168331236427077924e-02,0.000000000000000000e+00
1.839869217205253316e+00,7.179315691146512246e-02,0.000000000000000000e+00
1.844345784643709019e+00,7.190349428745038129e-02,0.000000000000000000e+00
1.848822352082164500e+00,7.201432670335328190e-02,0.000000000000000000e+00
1.853298919520620203e+00,7.212565638022107317e-02,0.000000000000000000e+00
1.857775486959075684e+00,7.223748554906586627e-02,0.000000000000000000e+00
1.862252054397531387e+00,7.243400790181904469e-02,0.000000000000000000e+00
1.866728621835986868e+00,7.265967767365681673e-02,0.000000000000000000e+00
1.871205189274442571e+00,7.288635993599723584e-02,0.000000000000000000e+00
1.875681756712898052e+00,7.291666666666667129e-02,0.000000000000000000e+00
1.880158324151353755e+00,7.291666666666667129e-02,0.000000000000000000e+00
1.884634891589809458e+00,7.292148552778567050e-02,0.000000000000000000e+00
1.889111459028264939e+00,7.315226338282600216e-02,0.000000000000000000e+00
1.893588026466720642e+00,7.338407664630650085e-02,0.000000000000000000e+00
1.898064593905176123e+00,7.364154077887274941e-02,0.000000000000000000e+00
1.902541161343631826e+00,7.399238783527364860e-02,0.000000000000000000e+00
1.907017728782087307e+00,7.434480900286181970e-02,0.000000000000000000e+00
1.911494296220543010e+00,7.449275732976175235e-02,0.000000000000000000e+00
1.915970863658998491e+00,7.437422712680132053e-02,0.000000000000000000e+00
1.920447431097454194e+00,7.425516512596741503e-02,0.000000000000000000e+00
1.924923998535909897e+00,7.438511211741102858e-02,0.000000000000000000e+00
1.929400565974365378e+00,7.462537764777570082e-02,0.000000000000000000e+00
1.933877133412821081e+00,7.486672115400583305e-02,0.000000000000000000e+00
1.938353700851276562e+00,7.486979166666667129e-02,0.000000000000000000e+00
1.942830268289732265e+00,7.486979166666667129e-02,0.000000000000000000e+00
1.947306835728187746e+00,7.486979166666667129e-02,0.000000000000000000e+00
1.951783403166643449e+00,7.486979166666667129e-02,0.000000000000000000e+00
1.956259970605098930e+00,7.486979166666667129e-02,0.000000000000000000e+00
1.960736538043554633e+00,7.511851724183286894e-02,0.000000000000000000e+00
1.965213105482010336e+00,7.549205621161410307e-02,0.000000000000000000e+00
1.969689672920465817e+00,7.585332647850173693e-02,0.000000000000000000e+00
1.974166240358921520e+00,7.597895925534316197e-02,0.000000000000000000e+00
1.978642807797377001e+00,7.610515569648189371e-02,0.000000000000000000e+00
1.983119375235832704e+00,7.635200499256641904e-02,0.000000000000000000e+00
1.987595942674288185e+00,7.673399909624309401e-02,0.000000000000000000e+00
1.992072510112743888e+00,7.711770705551898586e-02,0.000000000000000000e+00
1.996549077551199369e+00,7.714843750000000000e-02,0.000000000000000000e+00
2.001025644989654850e+00,7.714843750000000000e-02,0.000000000000000000e+00
2.005502212428110553e+00,7.719983454449211302e-02,0.000000000000000000e+00
2.009978779866566256e+00,7.733004808493315618e-02,0.000000000000000000e+00
2.014455347305021959e+00,7.746084584173575094e-02,0.000000000000000000e+00
2.018931914743477662e+00,7.759223043604630832e-02,0.000000000000000000e+00
2.023408482181932921e+00,7.772420450077129062e-02,0.000000000000000000e+00
2.027885049620388624e+00,7.808593673648332734e-02,0.000000000000000000e+00
2.032361617058844327e+00,7.875174149437086379e-02,0.000000000000000000e+00
2.036838184497300031e+00,7.942053345337302117e-02,0.000000000000000000e+00
2.041314751935755289e+00,7.942708333333332871e-02,0.000000000000000000e+00
2.045791319374210993e+00,7.942708333333332871e-02,0.000000000000000000e+00
2.050267886812666696e+00,7.927097158860346715e-02,0.000000000000000000e+00
2.054744454251122399e+00,7.899862143262174896e-02,0.000000000000000000e+00
2.059221021689578102e+00,7.890352245877940707e-02,0.000000000000000000e+00
2.063697589128033361e+00,7.959052118857488922e-02,0.000000000000000000e+00
2.068174156566489064e+00,8.028060220840674277e-02,0.000000000000000000e+00
2.072650724004944767e+00,8.040364583333332871e-02,0.000000000000000000e+00
2.077127291443400470e+00,8.040364583333332871e-02,0.000000000000000000e+00
2.081603858881855729e+00,8.060658239856453855e-02,0.000000000000000000e+00
2.086080426320311432e+00,8.102811185371451563e-02,0.000000000000000000e+00
2.090556993758767135e+00,8.142775780701773380e-02,0.000000000000000000e+00
2.095033561197222838e+00,8.171130474725779580e-02,0.000000000000000000e+00
2.099510128635678541e+00,8.199612384983355484e-02,0.000000000000000000e+00
2.103986696074133800e+00,8.203125000000000000e-02,0.000000000000000000e+00
2.108463263512589503e+00,8.203125000000000000e-02,0.000000000000000000e+00
2.112939830951045206e+00,8.203125000000000000e-02,0.000000000000000000e+00
2.117416398389500909e+00,8.203125000000000000e-02,0.000000000000000000e+00
2.121892965827956168e+00,8.208433456606929746e-02,0.000000000000000000e+00
2.126369533266411871e+00,8.223062098522944396e-02,0.000000000000000000e+00
2.130846100704867574e+00,8.241914953342745209e-02,0.000000000000000000e+00
2.135322668143323277e+00,8.286195559881971706e-02,0.000000000000000000e+00
2.139799235581778980e+00,8.330674835889449736e-02,0.000000000000000000e+00
2.144275803020234239e+00,8.333333333333332871e-02,0.000000000000000000e+00
2.148752370458689942e+00,8.333333333333332871e-02,0.000000000000000000e+00
2.153228937897145645e+00,8.367657364243824558e-02,0.000000000000000000e+00
2.157705505335601348e+00,8.412940271714276774e-02,0.000000000000000000e+00
2.162182072774056607e+00,8.449280758163493776e-02,0.000000000000000000e+00
2.166658640212512310e+00,8.479740859353461502e-02,0.000000000000000000e+00
2.171135207650968013e+00,8.488971813549252288e-02,0.000000000000000000e+00
2.175611775089423716e+00,8.473604794021380449e-02,0.000000000000000000e+00
2.180088342527879419e+00,8.474287342421293889e-02,0.000000000000000000e+00
2.184564909966334678e+00,8.505297782957553510e-02,0.000000000000000000e+00
2.189041477404790381e+00,8.536447355005624682e-02,0.000000000000000000e+00
2.193518044843246084e+00,8.567736682793256064e-02,0.000000000000000000e+00
2.197994612281701787e+00,8.596458196674432173e-02,0.000000000000000000e+00
2.202471179720157046e+00,8.612243558257039189e-02,0.000000000000000000e+00
2.206947747158612749e+00,8.628099742478202716e-02,0.000000000000000000e+00
2.211424314597068452e+00,8.644027067090925831e-02,0.000000000000000000e+00
2.215900882035524155e+00,8.661197535881030862e-02,0.000000000000000000e+00
2.220377449473979858e+00,8.693338664608611654e-02,0.000000000000000000e+00
2.224854016912435117e+00,8.724791165564749207e-02,0.000000000000000000e+00
2.229330584350890820e+00,8.741006257882540098e-02,0.000000000000000000e+00
2.233807151789346523e+00,8.758861469275951162e-02,0.000000000000000000e+00
2.238283719227802226e+00,8.807944229455848262e-02,0.000000000000000000e+00
2.242760286666257485e+00,8.853139820736473375e-02,0.000000000000000000e+00
2.247236854104713188e+00,8.836631761456732737e-02,0.000000000000000000e+00
2.251713421543168892e+00,8.826309422089324841e-02,0.000000000000000000e+00
2.256189988981624595e+00,8.876278987404349896e-02,0.000000000000000000e+00
2.260666556420080298e+00,8.916870195683516964e-02,0.000000000000000000e+00
2.265143123858535557e+00,8.900063876247123196e-02,0.000000000000000000e+00
2.269619691296991260e+00,8.890255346459612074e-02,0.000000000000000000e+00
2.274096258735446963e+00,8.907212810741169107e-02,0.000000000000000000e+00
2.278572826173902666e+00,8.914295310246800330e-02,0.000000000000000000e+00
2.283049393612357925e+00,8.897185341823997395e-02,0.000000000000000000e+00
2.287525961050813628e+00,8.913599318885472023e-02,0.000000000000000000e+00
2.292002528489269331e+00,8.982654695224434604e-02,0.000000000000000000e+00
2.296479095927725034e+00,8.999380677215401692e-02,0.000000000000000000e+00
2.300955663366180737e+00,8.964542470011581388e-02,0.000000000000000000e+00
2.305432230804635996e+00,8.996372834741060698e-02,0.000000000000000000e+00
2.309908798243091699e+00,9.066675872420200399e-02,0.000000000000000000e+00
2.314385365681547402e+00,9.095847020466324429e-02,0.000000000000000000e+00
2.318861933120003105e+00,9.113580844562087224e-02,0.000000000000000000e+00
2.323338500558458364e+00,9.148205133211999296e-02,0.000000000000000000e+00
2.327815067996914067e+00,9.171078992375288064e-02,0.000000000000000000e+00
2.332291635435369770e+00,9.099184630510664951e-02,0.000000000000000000e+00
2.336768202873825473e+00,9.071990626091899768e-02,0.000000000000000000e+00
2.341244770312281176e+00,9.144531557970451974e-02,0.000000000000000000e+00
2.345721337750736435e+00,9.226825565195090340e-02,0.000000000000000000e+00
2.350197905189192138e+00,9.318317211085858087e-02,0.000000000000000000e+00
2.354674472627647841e+00,9.274676489733801876e-02,0.000000000000000000e+00
2.359151040066103544e+00,9.182362028907013751e-02,0.000000000000000000e+00
2.363627607504558803e+00,9.233719966111601785e-02,0.000000000000000000e+00
2.368104174943014506e+00,9.285519097652694676e-02,0.000000000000000000e+00
2.372580742381470209e+00,9.322944129141556846e-02,0.000000000000000000e+00
2.377057309819925912e+00,9.342447916666667129e-02,0.000000000000000000e+00
2.381533877258381615e+00,9.342447916666667129e-02,0.000000000000000000e+00
2.386010444696836874e+00,9.385464353323454134e-02,0.000000000000000000e+00
2.390487012135292577e+00,9.440941500576768841e-02,0.000000000000000000e+00
2.394963579573748280e+00,9.460077578088349481e-02,0.000000000000000000e+00
2.399440147012203983e+00,9.459369726863885164e-02,0.000000000000000000e+00
2.403916714450659242e+00,9.420753377565062314e-02,0.000000000000000000e+00
2.408393281889114945e+00,9.458728705865648845e-02,0.000000000000000000e+00
2.412869849327570648e+00,9.536655983922845414e-02,0.000000000000000000e+00
2.417346416766026351e+00,9.576346653673288578e-02,0.000000000000000000e+00
2.421822984204482054e+00,9.609262644528773767e-02,0.000000000000000000e+00
2.426299551642937313e+00,9.629007863811128720e-02,0.000000000000000000e+00
2.430776119081393016e+00,9.608566655923120314e-02,0.000000000000000000e+00
2.435252686519848719e+00,9.575086800044407820e-02,0.000000000000000000e+00
2.439729253958304422e+00,9.695159881787779321e-02,0.000000000000000000e+00
2.444205821396759681e+00,9.765625000000000000e-02,0.000000000000000000e+00
2.448682388835215384e+00,9.765625000000000000e-02,0.000000000000000000e+00
2.453158956273671087e+00,9.830747417930396637e-02,0.000000000000000000e+00
2.457635523712126790e+00,9.879424243446421894e-02,0.000000000000000000e+00
2.462112091150582494e+00,9.797563602483723433e-02,0.000000000000000000e+00
2.466588658589037752e+00,9.828486643267057843e-02,0.000000000000000000e+00
2.471065226027493456e+00,9.926377049915947881e-02,0.000000000000000000e+00
2.475541793465949159e+00,9.864151484746726262e-02,0.000000000000000000e+00
2.480018360904404862e+00,9.850117452299271548e-02,0.000000000000000000e+00
2.484494928342860121e+00,9.891974239275548586e-02,0.000000000000000000e+00
2.488971495781315824e+00,9.914926077169575191e-02,0.000000000000000000e+00
2.493448063219771527e+00,9.928385416666667129e-02,0.000000000000000000e+00
2.497924630658227230e+00,9.928385416666667129e-02,0.000000000000000000e+00
2.502401198096682933e+00,9.981254585530090206e-02,0.000000000000000000e+00
2.506877765535138192e+00,1.001956858159367136e-01,0.000000000000000000e+00
2.511354332973593895e+00,9.998070446711089521e-02,0.000000000000000000e+00
2.515830900412049598e+00,1.002751703350299450e-01,1.925929944387235853e-34
2.520307467850505301e+00,1.008320621617175422e-01,0.000000000000000000e+00
2.524784035288960560e+00,1.017036139941460277e-01,0.000000000000000000e+00
2.529260602727416263e+00,1.017152570084232516e-01,1.925929944387235853e-34
2.533737170165871966e+00,1.015625000000000000e-01,0.000000000000000000e+00
2.538213737604327669e+00,1.015625000000000000e-01,0.000000000000000000e+00
2.542690305042783372e+00,1.013782718195843646e-01,0.000000000000000000e+00
2.547166872481238631e+00,1.014815609028242721e-01,0.000000000000000000e+00
2.551643439919694334e+00,1.021530197104960347e-01,1.925929944387235853e-34
2.556120007358150037e+00,1.024181914733627019e-01,1.925929944387235853e-34
2.560596574796605740e+00,1.025390625000000000e-01,0.000000000000000000e+00
2.565073142235060999e+00,1.025453488345987318e-01,1.925929944387235853e-34
2.569549709673516702e+00,1.027732123086123328e-01,1.925929944387235853e-34
2.574026277111972405e+00,1.028645833333333287e-01,0.000000000000000000e+00
2.578502844550428108e+00,1.029483966835103709e-01,0.000000000000000000e+00
2.582979411988883811e+00,1.034102851901291531e-01,1.925929944387235853e-34
2.587455979427339070e+00,1.031570039932461214e-01,0.000000000000000000e+00
2.591932546865794773e+00,1.030382050976819813e-01,0.000000000000000000e+00
2.596409114304250476e+00,1.035063384689255822e-01,0.000000000000000000e+00
2.600885681742706179e+00,1.035156250000000000e-01,0.000000000000000000e+00
2.605362249181161438e+00,1.039389984291580610e-01,1.925929944387235853e-34
2.609838816619617141e+00,1.047563623858209503e-01,1.925929944387235853e-34
2.614315384058072844e+00,1.059478408695473384e-01,0.000000000000000000e+00
2.618791951496528547e+00,1.057098423160127698e-01,0.000000000000000000e+00
2.623268518934984250e+00,1.059483204461876688e-01,0.000000000000000000e+00
2.627745086373439509e+00,1.067349440324456833e-01,1.925929944387235853e-34
2.632221653811895212e+00,1.064923429167146385e-01,1.925929944387235853e-34
2.636698221250350915e+00,1.066419716537243823e-01,0.000000000000000000e+00
2.641174788688806618e+00,1.066549121043319365e-01,0.000000000000000000e+00
2.645651356127261877e+00,1.064815940478231610e-01,1.925929944387235853e-34
2.650127923565717580e+00,1.067285783709049918e-01,0.000000000000000000e+00
2.654604491004173283e+00,1.075941832576108315e-01,0.000000000000000000e+00
2.659081058442628986e+00,1.079433944833215059e-01,0.000000000000000000e+00
2.663557625881084689e+00,1.079646957202690105e-01,0.000000000000000000e+00
2.668034193319539948e+00,1.089704826172397389e-01,0.000000000000000000e+00
2.672510760757995651e+00,1.081181762533831581e-01,0.000000000000000000e+00
2.676987328196451355e+00,1.079084087969552491e-01,0.000000000000000000e+00
2.681463895634907058e+00,1.082535936388879794e-01,0.000000000000000000e+00
2.685940463073362316e+00,1.087031509305044219e-01,0.000000000000000000e+00
2.690417030511818020e+00,1.084460126562681592e-01,1.925929944387235853e-34
2.694893597950273723e+00,1.088198710902477523e-01,1.925929944387235853e-34
2.699370165388729426e+00,1.093387726995245501e-01,1.925929944387235853e-34
2.703846732827185129e+00,1.097802616236271955e-01,0.000000000000000000e+00
2.708323300265640388e+00,1.100260416666666713e-01,0.000000000000000000e+00
2.712799867704096091e+00,1.100260416666666713e-01,0.000000000000000000e+00
2.717276435142551794e+00,1.102436220209208201e-01,0.000000000000000000e+00
2.721753002581007497e+00,1.095646472519398590e-01,0.000000000000000000e+00
2.726229570019462756e+00,1.088223344794399389e-01,1.925929944387235853e-34
2.730706137457918459e+00,1.091711741204498265e-01,1.925929944387235853e-34
2.735182704896374162e+00,1.099779064563486813e-01,0.000000000000000000e+00
2.739659272334829865e+00,1.105341860751212490e-01,0.000000000000000000e+00
2.744135839773285568e+00,1.110768444413211542e-01,0.000000000000000000e+00
2.748612407211740827e+00,1.104466875007216187e-01,0.000000000000000000e+00
2.753088974650196530e+00,1.094701547536326147e-01,1.925929944387235853e-34
2.757565542088652233e+00,1.098790470393537222e-01,0.000000000000000000e+00
2.762042109527107936e+00,1.109839727841237245e-01,0.000000000000000000e+00
2.766518676965563195e+00,1.107297912355309916e-01,1.925929944387235853e-34
2.770995244404018898e+00,1.106770833333333287e-01,0.000000000000000000e+00
2.775471811842474601e+00,1.115793488653775006e-01,0.000000000000000000e+00
2.779948379280930304e+00,1.123046875000000000e-01,0.000000000000000000e+00
2.784424946719386007e+00,1.123978051941248724e-01,1.925929944387235853e-34
2.788901514157841266e+00,1.126815565808445274e-01,1.925929944387235853e-34
2.793378081596296969e+00,1.129882848081766589e-01,1.925929944387235853e-34
2.797854649034752672e+00,1.138471945813757519e-01,0.000000000000000000e+00
2.802331216473208375e+00,1.136730695751946713e-01,0.000000000000000000e+00
2.806807783911663634e+00,1.133841914966198655e-01,0.000000000000000000e+00
2.811284351350119337e+00,1.134684826629878823e-01,0.000000000000000000e+00
2.815760918788575040e+00,1.143727102598095513e-01,0.000000000000000000e+00
2.820237486227030743e+00,1.153548258447252006e-01,0.000000000000000000e+00
2.824714053665486446e+00,1.160050328762035621e-01,0.000000000000000000e+00
2.829190621103941705e+00,1.170696530590754209e-01,0.000000000000000000e+00
2.833667188542397408e+00,1.165364583333333287e-01,0.000000000000000000e+00
2.838143755980853111e+00,1.165310627429944346e-01,0.000000000000000000e+00
2.842620323419308814e+00,1.159322407108344527e-01,0.000000000000000000e+00
2.847096890857764073e+00,1.161627589987966058e-01,1.925929944387235853e-34
2.851573458296219776e+00,1.164648627181681384e-01,0.000000000000000000e+00
2.856050025734675479e+00,1.163045948099045435e-01,1.925929944387235853e-34
2.860526593173131182e+00,1.170555908165552828e-01,0.000000000000000000e+00
2.865003160611586885e+00,1.175130208333333287e-01,0.000000000000000000e+00
2.869479728050042144e+00,1.169914051232618241e-01,0.000000000000000000e+00
2.873956295488497847e+00,1.171656302182525061e-01,0.000000000000000000e+00
2.878432862926953550e+00,1.178385416666666713e-01,0.000000000000000000e+00
2.882909430365409253e+00,1.179668412907915326e-01,1.925929944387235853e-34
2.887385997803864512e+00,1.179322671503951064e-01,0.000000000000000000e+00
2.891862565242320215e+00,1.179326230947924242e-01,0.000000000000000000e+00
2.896339132680775919e+00,1.183385311728186312e-01,1.925929944387235853e-34
2.900815700119231622e+00,1.171875000000000000e-01,0.000000000000000000e+00
2.905292267557686881e+00,1.173483028949180024e-01,1.925929944387235853e-34
2.909768834996142584e+00,1.180638026983511918e-01,0.000000000000000000e+00
2.914245402434598287e+00,1.188151041666666713e-01,0.000000000000000000e+00
2.918721969873053990e+00,1.187463296680721508e-01,0.000000000000000000e+00
2.923198537311509693e+00,1.183540046459391482e-01,0.000000000000000000e+00
2.927675104749964952e+00,1.176337609127674766e-01,1.925929944387235853e-34
2.932151672188420655e+00,1.171427541833698766e-01,0.000000000000000000e+00
2.936628239626876358e+00,1.180904660855915250e-01,1.925929944387235853e-34
2.941104807065332061e+00,1.176815920196218890e-01,0.000000000000000000e+00
2.945581374503787320e+00,1.173571712052315918e-01,0.000000000000000000e+00
2.950057941942243023e+00,1.177458562641734707e-01,1.925929944387235853e-34
2.954534509380698726e+00,1.177170826409304621e-01,0.000000000000000000e+00
2.959011076819154429e+00,1.185026989514477158e-01,0.000000000000000000e+00
2.963487644257610132e+00,1.193910967665409439e-01,1.925929944387235853e-34
2.967964211696065391e+00,1.197916666666666713e-01,0.000000000000000000e+00
2.972440779134521094e+00,1.197916666666666713e-01,0.000000000000000000e+00
2.976917346572976797e+00,1.208202458264799189e-01,0.000000000000000000e+00
2.981393914011432500e+00,1.213650085640211734e-01,1.925929944387235853e-34
2.985870481449887759e+00,1.210937500000000000e-01,0.000000000000000000e+00
2.990347048888343462e+00,1.222510089827642810e-01,0.000000000000000000e+00
2.994823616326799165e+00,1.214485330168848520e-01,0.000000000000000000e+00
2.999300183765254868e+00,1.205352683156929727e-01,0.000000000000000000e+00
3.003776751203710571e+00,1.210536856353180424e-01,0.000000000000000000e+00
3.008253318642165830e+00,1.211249254898956185e-01,0.000000000000000000e+00
3.012729886080621533e+00,1.224330385875601335e-01,0.000000000000000000e+00
3.017206453519077236e+00,1.223803087884212937e-01,0.000000000000000000e+00
3.021683020957532939e+00,1.211945624813840910e-01,0.000000000000000000e+00
3.026159588395988198e+00,1.218243387777245001e-01,1.925929944387235853e-34
3.030636155834443901e+00,1.225666801181189147e-01,1.925929944387235853e-34
3.035112723272899604e+00,1.229296462992572475e-01,0.000000000000000000e+00
3.039589290711355307e+00,1.218100451736248563e-01,1.925929944387235853e-34
3.044065858149811010e+00,1.228596487793472275e-01,0.000000000000000000e+00
3.048542425588266269e+00,1.211182875509256157e-01,0.000000000000000000e+00
3.053018993026721972e+00,1.224278895648990700e-01,0.000000000000000000e+00
3.057495560465177675e+00,1.212410888233960565e-01,0.000000000000000000e+00
3.061972127903633378e+00,1.219701380082005848e-01,1.925929944387235853e-34
3.066448695342088637e+00,1.214192708333333287e-01,0.000000000000000000e+00
3.070925262780544340e+00,1.206945385706782725e-01,1.925929944387235853e-34
3.075401830219000043e+00,1.201487633994305498e-01,0.000000000000000000e+00
3.079878397657455746e+00,1.208806644080987203e-01,0.000000000000000000e+00
3.084354965095911449e+00,1.221610742210023359e-01,1.925929944387235853e-34
3.088831532534366708e+00,1.211478114155118552e-01,0.000000000000000000e+00
3.093308099972822411e+00,1.207682291666666713e-01,0.000000000000000000e+00
3.097784667411278114e+00,1.210240750004808186e-01,1.925929944387235853e-34
3.102261234849733817e+00,1.191827455539210545e-01,0.000000000000000000e+00
3.106737802288189076e+00,1.188537429748814239e-01,0.000000000000000000e+00
3.111214369726644779e+00,1.172659762206637035e-01,0.000000000000000000e+00
3.115690937165100483e+00,1.162877027851882267e-01,0.000000000000000000e+00
3.120167504603556186e+00,1.156243229150743790e-01,0.000000000000000000e+00
3.124644072042011889e+00,1.152413892657672134e-01,0.000000000000000000e+00
3.129120639480467148e+00,1.149982394605515434e-01,0.000000000000000000e+00
3.133597206918922851e+00,1.140574899284821919e-01,0.000000000000000000e+00
3.138073774357378554e+00,1.156050232927106902e-01,1.925929944387235853e-34
3.142550341795834257e+00,1.143320673857141090e-01,0.000000000000000000e+00
3.147026909234289516e+00,1.152975930588664433e-01,0.000000000000000000e+00
3.151503476672745219e+00,1.136665177425785628e-01,0.000000000000000000e+00
3.155980044111200922e+00,1.148109386197366105e-01,0.000000000000000000e+00
3.160456611549656625e+00,1.149242630759830242e-01,0.000000000000000000e+00
3.164933178988112328e+00,1.154798391411368252e-01,1.925929944387235853e-34
3.169409746426567587e+00,1.148950308581858648e-01,0.000000000000000000e+00
3.173886313865023290e+00,1.151056333346819754e-01,0.000000000000000000e+00
3.178362881303478993e+00,1.139033136619760356e-01,0.000000000000000000e+00
3.182839448741934696e+00,1.134825646896925333e-01,0.000000000000000000e+00
3.187316016180389955e+00,1.128386059682595643e-01,0.000000000000000000e+00
3.191792583618845658e+00,1.139115446968826662e-01,0.000000000000000000e+00
3.196269151057301361e+00,1.131471892523995271e-01,0.000000000000000000e+00
3.200745718495757064e+00,1.142024510857881509e-01,0.000000000000000000e+00
3.205222285934212767e+00,1.127634615407647339e-01,0.000000000000000000e+00
3.209698853372668026e+00,1.140888655482117792e-01,0.000000000000000000e+00
3.214175420811123729e+00,1.137998657767671923e-01,1.925929944387235853e-34
3.218651988249579432e+00,1.127176347275030271e-01,0.000000000000000000e+00
3.223128555688035135e+00,1.122140182442574324e-01,1.925929944387235853e-34
3.227605123126490394e+00,1.111585248615662991e-01,0.000000000000000000e+00
3.232081690564946097e+00,1.113203349448526475e-01,0.000000000000000000e+00
3.236558258003401800e+00,1.118827525195910388e-01,0.000000000000000000e+00
3.241034825441857503e+00,1.115997066188368914e-01,0.000000000000000000e+00
3.245511392880313206e+00,1.102494391612094116e-01,0.000000000000000000e+00
3.249987960318768465e+00,1.121483226109734332e-01,1.925929944387235853e-34
3.254464527757224168e+00,1.119791666666666713e-01,0.000000000000000000e+00
3.258941095195679871e+00,1.121685152490858456e-01,0.000000000000000000e+00
3.263417662634135574e+00,1.129577319999370000e-01,1.925929944387235853e-34
3.267894230072590833e+00,1.115834269549775409e-01,0.000000000000000000e+00
3.272370797511046536e+00,1.117833805612695741e-01,0.000000000000000000e+00
3.276847364949502239e+00,1.103030406284380704e-01,1.925929944387235853e-34
3.281323932387957942e+00,1.108961375937208976e-01,0.000000000000000000e+00
3.285800499826413645e+00,1.110214595630723694e-01,0.000000000000000000e+00
3.290277067264868904e+00,1.118524969870993424e-01,1.925929944387235853e-34
3.294753634703324607e+00,1.128415439710431789e-01,0.000000000000000000e+00
3.299230202141780310e+00,1.123046875000000000e-01,0.000000000000000000e+00
3.303706769580236013e+00,1.128514733040715257e-01,0.000000000000000000e+00
3.308183337018691272e+00,1.132649394014707961e-01,0.000000000000000000e+00
3.312659904457146975e+00,1.129536269632314127e-01,0.000000000000000000e+00
3.317136471895602678e+00,1.123290117532349947e-01,1.925929944387235853e-34
3.321613039334058382e+00,1.127539507343021663e-01,0.000000000000000000e+00
3.326089606772514085e+00,1.120421073759813452e-01,0.000000000000000000e+00
3.330566174210969344e+00,1.122395440184521115e-01,0.000000000000000000e+00
3.335042741649425047e+00,1.126448566437718568e-01,0.000000000000000000e+00
3.339519309087880750e+00,1.124566352370041100e-01,0.000000000000000000e+00
3.343995876526336453e+00,1.135924634847647330e-01,1.925929944387235853e-34
3.348472443964791712e+00,1.114873931305704752e-01,0.000000000000000000e+00
3.352949011403247415e+00,1.119931481444220445e-01,0.000000000000000000e+00
3.357425578841703118e+00,1.119257497586813033e-01,0.000000000000000000e+00
3.361902146280158821e+00,1.118541169020943887e-01,0.000000000000000000e+00
3.366378713718614524e+00,1.105592514024440892e-01,0.000000000000000000e+00
3.370855281157069783e+00,1.096339580861816349e-01,1.925929944387235853e-34
3.375331848595525486e+00,1.099761740956498590e-01,0.000000000000000000e+00
3.379808416033981189e+00,1.095762577469064913e-01,0.000000000000000000e+00
3.384284983472436892e+00,1.084348311654184105e-01,0.000000000000000000e+00
3.388761550910892151e+00,1.081060044758985345e-01,0.000000000000000000e+00
3.393238118349347854e+00,1.069609869680202829e-01,0.000000000000000000e+00
3.397714685787803557e+00,1.080729166666666713e-01,0.000000000000000000e+00
3.402191253226259260e+00,1.072812869498448729e-01,0.000000000000000000e+00
3.406667820664714963e+00,1.073972211946209177e-01,0.000000000000000000e+00
3.411144388103170222e+00,1.091137963839520220e-01,0.000000000000000000e+00
3.415620955541625925e+00,1.086980656186026656e-01,0.000000000000000000e+00
3.420097522980081628e+00,1.082865289021636146e-01,0.000000000000000000e+00
3.424574090418537331e+00,1.100932654826343865e-01,0.000000000000000000e+00
3.429050657856992590e+00,1.110026041666666713e-01,0.000000000000000000e+00
3.433527225295448293e+00,1.099232720189609047e-01,0.000000000000000000e+00
3.438003792733903996e+00,1.119810054787482301e-01,0.000000000000000000e+00
3.442480360172359699e+00,1.114969812961661005e-01,1.925929944387235853e-34
3.446956927610815402e+00,1.117472913681599733e-01,0.000000000000000000e+00
3.451433495049270661e+00,1.118011184406969977e-01,0.000000000000000000e+00
3.455910062487726364e+00,1.126302083333333287e-01,0.000000000000000000e+00
3.460386629926182067e+00,1.126302083333333287e-01,0.000000000000000000e+00
3.464863197364637770e+00,1.114371655923067361e-01,1.925929944387235853e-34
3.469339764803093029e+00,1.116018427708707905e-01,1.925929944387235853e-34
3.473816332241548732e+00,1.101387907502030250e-01,1.925929944387235853e-34
3.478292899680004435e+00,1.107251666252258016e-01,0.000000000000000000e+00
3.482769467118460138e+00,1.104777521773250976e-01,0.000000000000000000e+00
3.487246034556915841e+00,1.099436306281466047e-01,0.000000000000000000e+00
3.491722601995371100e+00,1.104229701843508077e-01,0.000000000000000000e+00
3.496199169433826803e+00,1.112883774687667832e-01,0.000000000000000000e+00
3.500675736872282506e+00,1.107650427002706550e-01,0.000000000000000000e+00
3.505152304310738209e+00,1.104539300939856028e-01,1.925929944387235853e-34
3.509628871749193468e+00,1.097498012382116250e-01,1.925929944387235853e-34
3.514105439187649171e+00,1.103713792591961979e-01,0.000000000000000000e+00
3.518582006626104874e+00,1.112756106146938900e-01,1.925929944387235853e-34
3.523058574064560577e+00,1.100374095873241781e-01,0.000000000000000000e+00
3.527535141503016280e+00,1.092189045364782701e-01,0.000000000000000000e+00
3.532011708941471539e+00,1.080522888165520029e-01,0.000000000000000000e+00
3.536488276379927242e+00,1.085744289436977594e-01,1.925929944387235853e-34
3.540964843818382946e+00,1.103485869848054718e-01,0.000000000000000000e+00
3.545441411256838649e+00,1.104488098528616513e-01,0.000000000000000000e+00
3.549917978695293908e+00,1.104984023774520790e-01,0.000000000000000000e+00
3.554394546133749611e+00,1.110679872198834933e-01,0.000000000000000000e+00
3.558871113572205314e+00,1.121246335643573816e-01,0.000000000000000000e+00
3.563347681010661017e+00,1.112456476739670935e-01,0.000000000000000000e+00
3.567824248449116720e+00,1.115351196490420582e-01,0.000000000000000000e+00
3.572300815887571979e+00,1.107359545844262688e-01,0.000000000000000000e+00
3.576777383326027682e+00,1.118840074374386900e-01,0.000000000000000000e+00
3.581253950764483385e+00,1.090715813127837580e-01,0.000000000000000000e+00
3.585730518202939088e+00,1.103373892266411582e-01,0.000000000000000000e+00
3.590207085641394347e+00,1.085628855405641885e-01,0.000000000000000000e+00
3.594683653079850050e+00,1.078937026851921194e-01,0.000000000000000000e+00
3.599160220518305753e+00,1.098406459493965065e-01,0.000000000000000000e+00
3.603636787956761456e+00,1.091591029361173026e-01,0.000000000000000000e+00
3.608113355395217159e+00,1.078181622715257415e-01,0.000000000000000000e+00
3.612589922833672418e+00,1.076911040133228248e-01,0.000000000000000000e+00
3.617066490272128121e+00,1.086387950539914327e-01,0.000000000000000000e+00
3.621543057710583824e+00,1.101003084108814756e-01,0.000000000000000000e+00
3.626019625149039527e+00,1.095338242940674806e-01,0.000000000000000000e+00
3.630496192587494786e+00,1.099890508241143650e-01,0.000000000000000000e+00
3.634972760025950489e+00,1.109567296651849944e-01,0.000000000000000000e+00
3.639449327464406192e+00,1.117356713186114653e-01,1.925929944387235853e-34
3.643925894902861895e+00,1.102211540341929003e-01,0.000000000000000000e+00
3.648402462341317598e+00,1.113147801735226983e-01,0.000000000000000000e+00
3.652879029779772857e+00,1.106770833333333287e-01,0.000000000000000000e+00
3.657355597218228560e+00,1.106090084541773849e-01,0.000000000000000000e+00
3.661832164656684263e+00,1.111271498607890179e-01,0.000000000000000000e+00
3.666308732095139966e+00,1.120727225672498995e-01,0.000000000000000000e+00
3.670785299533595225e+00,1.117930864051215334e-01,0.000000000000000000e+00
3.675261866972050928e+00,1.114780889930305774e-01,0.000000000000000000e+00
3.679738434410506631e+00,1.117733386865141371e-01,0.000000000000000000e+00
3.684215001848962334e+00,1.137589345631165871e-01,0.000000000000000000e+00
3.688691569287418037e+00,1.139910001595634270e-01,0.000000000000000000e+00
3.693168136725873296e+00,1.146243413037906916e-01,0.000000000000000000e+00
3.697644704164328999e+00,1.143313193759560170e-01,0.000000000000000000e+00
3.702121271602784702e+00,1.136040718395061599e-01,0.000000000000000000e+00
3.706597839041240405e+00,1.136592562663986533e-01,0.000000000000000000e+00
3.711074406479695664e+00,1.126302083333333287e-01,0.000000000000000000e+00
3.715550973918151367e+00,1.113446703521265846e-01,0.000000000000000000e+00
3.720027541356607070e+00,1.120398330793788977e-01,0.000000000000000000e+00
3.724504108795062773e+00,1.125105097416826821e-01,0.000000000000000000e+00
3.728980676233518476e+00,1.130467081033062343e-01,0.000000000000000000e+00
3.733457243671973735e+00,1.128785341387155139e-01,0.000000000000000000e+00
3.737933811110429438e+00,1.136067708333333287e-01,0.000000000000000000e+00
3.742410378548885141e+00,1.127669065286037303e-01,0.000000000000000000e+00
3.746886945987340845e+00,1.116533117231467420e-01,0.000000000000000000e+00
3.751363513425796103e+00,1.138661397576515577e-01,0.000000000000000000e+00
3.755840080864251807e+00,1.120687293598844336e-01,0.000000000000000000e+00
3.760316648302707510e+00,1.115053164517593176e-01,0.000000000000000000e+00
3.764793215741163213e+00,1.126766359073994722e-01,0.000000000000000000e+00
3.769269783179618916e+00,1.115947934420177950e-01,0.000000000000000000e+00
3.773746350618074175e+00,1.129652596753766697e-01,0.000000000000000000e+00
3.778222918056529878e+00,1.114658650314881427e-01,0.000000000000000000e+00
3.782699485494985581e+00,1.124910237209597597e-01,0.000000000000000000e+00
3.787176052933441284e+00,1.121677038157736089e-01,0.000000000000000000e+00
3.791652620371896543e+00,1.126156241152216630e-01,0.000000000000000000e+00
3.796129187810352246e+00,1.120904520373845192e-01,0.000000000000000000e+00
3.800605755248807949e+00,1.121489270306885028e-01,0.000000000000000000e+00
3.805082322687263652e+00,1.121710723837917312e-01,0.000000000000000000e+00
3.809558890125719355e+00,1.124026789256492992e-01,0.000000000000000000e+00
3.814035457564174614e+00,1.106758190507209916e-01,0.000000000000000000e+00
3.818512025002630317e+00,1.094760517390131332e-01,0.000000000000000000e+00
3.822988592441086020e+00,1.087965788226829267e-01,0.000000000000000000e+00
3.827465159879541723e+00,1.089351890960806174e-01,0.000000000000000000e+00
3.831941727317996982e+00,1.088950597296702433e-01,0.000000000000000000e+00
3.836418294756452685e+00,1.080729166666666713e-01,0.000000000000000000e+00
3.840894862194908388e+00,1.083984375000000000e-01,0.000000000000000000e+00
3.845371429633364091e+00,1.102094102417319199e-01,0.000000000000000000e+00
3.849847997071819794e+00,1.111125987665010084e-01,0.000000000000000000e+00
3.854324564510275053e+00,1.114455514114338630e-01,0.000000000000000000e+00
3.858801131948730756e+00,1.140020033084550022e-01,0.000000000000000000e+00
3.863277699387186459e+00,1.147013722849404838e-01,0.000000000000000000e+00
3.867754266825642162e+00,1.152284853730646264e-01,0.000000000000000000e+00
3.872230834264097421e+00,1.146654067904699092e-01,0.000000000000000000e+00
3.876707401702553124e+00,1.128651424548891280e-01,0.000000000000000000e+00
3.881183969141008827e+00,1.149088541666666713e-01,0.000000000000000000e+00
3.885660536579464530e+00,1.123046875000000000e-01,0.000000000000000000e+00
3.890137104017920233e+00,1.123083054525396696e-01,0.000000000000000000e+00
3.894613671456375492e+00,1.128614585106526569e-01,0.000000000000000000e+00
3.899090238894831195e+00,1.117061216194965567e-01,0.000000000000000000e+00
3.903566806333286898e+00,1.116706795593615242e-01,0.000000000000000000e+00
3.908043373771742601e+00,1.125055227702248806e-01,0.000000000000000000e+00
3.912519941210197860e+00,1.125331264436667811e-01,0.000000000000000000e+00
3.916996508648653563e+00,1.110136263408504076e-01,0.000000000000000000e+00
3.921473076087109266e+00,1.129852716196563245e-01,0.000000000000000000e+00
3.925949643525564969e+00,1.127094133642556617e-01,0.000000000000000000e+00
3.930426210964020672e+00,1.137475451184077474e-01,0.000000000000000000e+00
3.934902778402475931e+00,1.130298739649117507e-01,0.000000000000000000e+00
3.939379345840931634e+00,1.130984682304975592e-01,0.000000000000000000e+00
3.943855913279387337e+00,1.122932999841564222e-01,0.000000000000000000e+00
3.948332480717843040e+00,1.106165269191495409e-01,0.000000000000000000e+00
3.952809048156298299e+00,1.090714220047068056e-01,0.000000000000000000e+00
3.957285615594754002e+00,1.103215431623956883e-01,0.000000000000000000e+00
3.961762183033209705e+00,1.108717976079300893e-01,0.000000000000000000e+00
3.966238750471665409e+00,1.098869123126577918e-01,0.000000000000000000e+00
3.970715317910121112e+00,1.093125086471274238e-01,0.000000000000000000e+00
3.975191885348576371e+00,1.096601466013926302e-01,0.000000000000000000e+00
3.979668452787032074e+00,1.103460448829140378e-01,0.000000000000000000e+00
3.984145020225487777e+00,1.105102676440227472e-01,0.000000000000000000e+00
3.988621587663943480e+00,1.113478765539250015e-01,0.000000000000000000e+00
3.993098155102398739e+00,1.109003044909851604e-01,0.000000000000000000e+00
3.997574722540854442e+00,1.099518923420291783e-01,0.000000000000000000e+00
4.002051289979309701e+00,1.093900647284123534e-01,0.000000000000000000e+00
4.006527857417765404e+00,1.095071916738020040e-01,0.000000000000000000e+00
4.011004424856221107e+00,1.093750000000000000e-01,0.000000000000000000e+00
4.015480992294676810e+00,1.085284895549942785e-01,0.000000000000000000e+00
4.019957559733132513e+00,1.072216480748537232e-01,0.000000000000000000e+00
4.024434127171588216e+00,1.076224999723707915e-01,0.000000000000000000e+00
4.028910694610043919e+00,1.063164350246467160e-01,0.000000000000000000e+00
4.033387262048499622e+00,1.070453501356511128e-01,0.000000000000000000e+00
4.037863829486955325e+00,1.072210084623524545e-01,0.000000000000000000e+00
4.042340396925410140e+00,1.077564694548249075e-01,0.000000000000000000e+00
4.046816964363865843e+00,1.064977814063624989e-01,0.000000000000000000e+00
4.051293531802321546e+00,1.065501342836051996e-01,0.000000000000000000e+00
4.055770099240777249e+00,1.062062899135604033e-01,0.000000000000000000e+00
4.060246666679232952e+00,1.060308320854677078e-01,0.000000000000000000e+00
4.064723234117688655e+00,1.058085089381193972e-01,0.000000000000000000e+00
4.069199801556144358e+00,1.029832256467150958e-01,0.000000000000000000e+00
4.073676368994600061e+00,1.043153453295899702e-01,0.000000000000000000e+00
4.078152936433055764e+00,1.036157905368465942e-01,0.000000000000000000e+00
4.082629503871510579e+00,1.031667106967783659e-01,0.000000000000000000e+00
4.087106071309966282e+00,1.030413969171606325e-01,0.000000000000000000e+00
4.091582638748421985e+00,1.048269262578953587e-01,0.000000000000000000e+00
4.096059206186877688e+00,1.048177083333333287e-01,0.000000000000000000e+00
4.100535773625333391e+00,1.036505533149897768e-01,0.000000000000000000e+00
4.105012341063789094e+00,1.040761443289173194e-01,0.000000000000000000e+00
4.109488908502244797e+00,1.012497583168528309e-01,0.000000000000000000e+00
4.113965475940700500e+00,1.009766650331018062e-01,0.000000000000000000e+00
4.118442043379156203e+00,1.001968158678958193e-01,0.000000000000000000e+00
4.122918610817611018e+00,1.001040805239652443e-01,0.000000000000000000e+00
4.127395178256066721e+00,1.006491065924602496e-01,0.000000000000000000e+00
4.131871745694522424e+00,1.038411458333333287e-01,0.000000000000000000e+00
4.136348313132978127e+00,1.048177083333333287e-01,0.000000000000000000e+00
4.140824880571433830e+00,1.069373514222933252e-01,0.000000000000000000e+00
4.145301448009889533e+00,1.073046280650602896e-01,0.000000000000000000e+00
4.149778015448345236e+00,1.064453125000000000e-01,0.000000000000000000e+00
4.154254582886800939e+00,1.054384930975704043e-01,0.000000000000000000e+00
4.158731150325256642e+00,1.035536053732940553e-01,0.000000000000000000e+00
4.163207717763711457e+00,1.042830219205709702e-01,0.000000000000000000e+00
4.167684285202167160e+00,1.029332175928941162e-01,0.000000000000000000e+00
4.172160852640622863e+00,1.039939281827081813e-01,0.000000000000000000e+00
4.176637420079078566e+00,1.039294530568781044e-01,0.000000000000000000e+00
4.181113987517534270e+00,1.046454906346331731e-01,0.000000000000000000e+00
4.185590554955989973e+00,1.053996406133177466e-01,0.000000000000000000e+00
4.190067122394445676e+00,1.059071141904122937e-01,0.000000000000000000e+00
4.194543689832901379e+00,1.070192234527606451e-01,0.000000000000000000e+00
4.199020257271357082e+00,1.058253052981538572e-01,0.000000000000000000e+00
4.203496824709811897e+00,1.045049334886432035e-01,0.000000000000000000e+00
4.207973392148267600e+00,1.017030300162466289e-01,0.000000000000000000e+00
4.212449959586723303e+00,1.031755793299347773e-01,0.000000000000000000e+00
4.216926527025179006e+00,1.025390625000000000e-01,0.000000000000000000e+00
4.221403094463634709e+00,1.026861639565962853e-01,0.000000000000000000e+00
4.225879661902090412e+00,1.026094132412679744e-01,0.000000000000000000e+00
4.230356229340546115e+00,1.041666666666666713e-01,0.000000000000000000e+00
4.234832796779001818e+00,1.057281325751947970e-01,0.000000000000000000e+00
4.239309364217457521e+00,1.053786535123295565e-01,0.000000000000000000e+00
4.243785931655912336e+00,1.044573702742366966e-01,0.000000000000000000e+00
4.248262499094368039e+00,1.033810039057862368e-01,0.000000000000000000e+00
4.252739066532823742e+00,1.020294026640025803e-01,0.000000000000000000e+00
4.257215633971279445e+00,1.018880208333333287e-01,0.000000000000000000e+00
4.261692201409735148e+00,1.018728824012820056e-01,0.000000000000000000e+00
4.266168768848190851e+00,1.031611032332294398e-01,0.000000000000000000e+00
4.270645336286646554e+00,1.049390154524965091e-01,0.000000000000000000e+00
4.275121903725102257e+00,1.050349317788257936e-01,0.000000000000000000e+00
4.279598471163557960e+00,1.027139552482667639e-01,0.000000000000000000e+00
4.284075038602012775e+00,1.017008719326336630e-01,0.000000000000000000e+00
4.288551606040468478e+00,9.992902932239171310e-02,0.000000000000000000e+00
4.293028173478924181e+00,9.969176500349490044e-02,0.000000000000000000e+00
4.297504740917379884e+00,1.002604166666666713e-01,0.000000000000000000e+00
4.301981308355835587e+00,9.940225609206539137e-02,0.000000000000000000e+00
4.306457875794291290e+00,1.003018668783122180e-01,0.000000000000000000e+00
4.310934443232746993e+00,1.006647020447764690e-01,0.000000000000000000e+00
4.315411010671202696e+00,1.004330046070795318e-01,0.000000000000000000e+00
4.319887578109658399e+00,1.016152705185797006e-01,0.000000000000000000e+00
4.324364145548113214e+00,1.014259416819684317e-01,0.000000000000000000e+00
4.328840712986568917e+00,9.996817224218428055e-02,0.000000000000000000e+00
4.333317280425024620e+00,9.940091166243585075e-02,0.000000000000000000e+00
4.337793847863480323e+00,9.913347381038624395e-02,0.000000000000000000e+00
4.342270415301936026e+00,9.866090173397412677e-02,0.000000000000000000e+00
4.346746982740391729e+00,9.988085569679383546e-02,0.000000000000000000e+00
4.351223550178847432e+00,1.007032843949948742e-01,0.000000000000000000e+00
4.355700117617303135e+00,1.015441652553856766e-01,0.000000000000000000e+00
4.360176685055758838e+00,1.006678223078733420e-01,0.000000000000000000e+00
4.364653252494213653e+00,9.948021005839031983e-02,0.000000000000000000e+00
4.369129819932669356e+00,9.918572691892468818e-02,0.000000000000000000e+00
4.373606387371125059e+00,9.895833333333332871e-02,0.000000000000000000e+00
4.378082954809580762e+00,9.884914333948691123e-02,0.000000000000000000e+00
4.382559522248036465e+00,1.001167128916076871e-01,0.000000000000000000e+00
4.387036089686492168e+00,1.003768604310109891e-01,0.000000000000000000e+00
4.391512657124947872e+00,1.022950666154890803e-01,0.000000000000000000e+00
4.395989224563403575e+00,1.020501631602258596e-01,0.000000000000000000e+00
4.400465792001859278e+00,1.020627604366429325e-01,0.000000000000000000e+00
4.404942359440314092e+00,1.000213132618863049e-01,0.000000000000000000e+00
4.409418926878769796e+00,1.000455488936924375e-01,0.000000000000000000e+00
4.413895494317225499e+00,1.012087157908305723e-01,0.000000000000000000e+00
4.418372061755681202e+00,1.017579141811190552e-01,0.000000000000000000e+00
4.422848629194136905e+00,1.015625000000000000e-01,0.000000000000000000e+00
